Carimbo de data/hora,Em qual cidade você mora?,Em qual bairro de Porto união você mora ?,Em qual bairro você mora?,Qual sua renda média mensal da sua casa ?,Qual meio de transporte você usa para vir a escola ?,Quantas pessoas residem em sua casa ?,Você trabalha/estagia ?,Você pretende fazer ensino superior ?,Com qual raça você se identifica ?,Qual sua idade ?,Você veio de qual escola?,Você tem interesse em ingressar no magistério ? ,Você gosta de estudar? ,Você costuma ler livros?,Você tem interesse atividades extra curriculares ? ,Qual atividades extra curriculares você tem interesse ?,Avalie as seguintes opções [Direção],Avalie as seguintes opções [Comida],Avalie as seguintes opções [Infraestrutura],Avalie as seguintes opções [Didática],Avalie as seguintes opções [Acolhimento],"
Além de estudar, o que você busca em uma escola?",Por que você escolheu Balduíno Cardoso ?,Você teve autonomia na escolha de sua escola ?,De qual turma você é ?,Qual das escolas abaixo seria a uma referência de escola boa para você?,Comente por que a escola escolhida por você na pergunta a cima seria uma boa referencia ?
16/09/2024 14:36:06,Porto União,Bela Vista,,"De 1 até 2 salários mínimos ( R$ 1.412,01 - 2.824,00)",Ônibus,De 5 pessoas a 6 pessoas,Não,Talvez,Pardo,16 a 17,Sobral,Não,Parcialmente,Não,Sim,"Esportes, Robótica, Cursos Tecnicos",Não Gosto,Gosto,Gosto,Gosto,Gosto,Ambiente acolhedor.,Por conta dos meus colegas,Sim,3° Técnico,São José,Porque é referencia em todos os aspectos curriculares com enorme aprovação em vestibulares.
16/09/2024 15:54:23,Outros,Nao identificado ,,"De 3 até 4 salários mínimos( R$ 4.236,01 - 5.648,00)",Ônibus,De 3 pessoas a 4 pessoas,Sim,Sim,Branco,16 a 17,Colégio Estadual Monsenhor Pedro Busko ,Não,Sim,Sim,Sim,Cursos Tecnicos,Gosto,Não Gosto,Gosto,Gosto,Gosto muito,"Amizades, credibilidade e bom acolhimento ",Indicação,Sim,3° Técnico,São José,Eles tem o terceiro ano de medio todo dedicado a preparar os alunos para passar nos vestibulares.
16/09/2024 16:02:30,Porto União,São Bernardo do Campo,,"De 3 até 4 salários mínimos( R$ 4.236,01 - 5.648,00)",Ônibus,Mais de 7 pessoas,Não,Sim,Pardo,16 a 17,Sobral,Sim,Não,Parcialmente,Não,Não tenho interesse em nenhuma,Gosto muito,Não Gosto,Gosto,Não Gosto,Gosto muito,"Infraestrutura, Número de alunos, Calmaria, didática",Por conta dos meus colegas,Sim,3° Técnico,CPM,"Eu acho legal, apenas."
16/09/2024 16:07:48,União da Vitória,,João Paulo,"De 3 até 4 salários mínimos( R$ 4.236,01 - 5.648,00)",Ônibus,De 3 pessoas a 4 pessoas,Sim,Sim,Branco,16 a 17,Pedro Stelmachuk,Não,Parcialmente,Parcialmente,Sim,"Esportes, Programação",Não Gosto,Indiferente,Gosto muito,Gosto muito,Gosto muito,Diversão ,Por conta dos meus colegas,Sim,3° Técnico,Sesc,Acredito que o ensino na escola e uma boa maneira de ensinar 
16/09/2024 16:27:18,Porto União,São Pedro,,"De 1 até 2 salários mínimos ( R$ 1.412,01 - 2.824,00)",Ônibus,De 3 pessoas a 4 pessoas,Sim,Sim,Branco,16 a 17,CID,Não,Parcialmente,Sim,Indiferente,Pintura ,Indiferente,Gosto,Indiferente,Não Gosto,Não Gosto,Uma boa convivência ,Por conta dos meus colegas,Sim,3° Técnico,São José,Porque possui uma qualidade de ensino excelente 
16/09/2024 16:27:27,Porto União,Santa Rosa,,"De 1 até 2 salários mínimos ( R$ 1.412,01 - 2.824,00)",Carro,De 3 pessoas a 4 pessoas,Sim,Não,Branco,18 a 19,CID,Talvez,Não,Sim,Não,Não tenho interesse em nenhuma,Indiferente,Indiferente,Gosto,Gosto,Indiferente,conhecer pessoas novas,Indicação,Sim,3° Técnico,Tulio de frança,infraestrutura boa
16/09/2024 16:27:29,Porto União,São Pedro,,"De 3 até 4 salários mínimos( R$ 4.236,01 - 5.648,00)",A pé,De 5 pessoas a 6 pessoas,Não,Sim,Branco,16 a 17,CID,Não,Parcialmente,Não,Sim,"Robótica, Programação, Cursos Tecnicos",Indiferente,Indiferente,Gosto muito,Gosto,Gosto,Socialização ,Por sua tranquilidade,Sim,3° Técnico,Visão,Pelo notavel desempenho de seus alunos em concursos e vestibulares
16/09/2024 16:27:35,Porto União,Jardim Brasília,,"De 3 até 4 salários mínimos( R$ 4.236,01 - 5.648,00)",Ônibus,De 5 pessoas a 6 pessoas,Sim,Sim,Branco,18 a 19,Sobral,Não,Não,Não,Não,Não tenho interesse em nenhuma,Indiferente,Gosto,Gosto muito,Gosto,Gosto,Socializar.,Por sua tranquilidade,Não,3° Técnico,São José,Por ter uma boa didática.
16/09/2024 16:27:43,Porto União,Bela Vista,,"De 3 até 4 salários mínimos( R$ 4.236,01 - 5.648,00)",Ônibus,De 3 pessoas a 4 pessoas,Não,Sim,Pardo,16 a 17,Sobral,Não,Parcialmente,Parcialmente,Sim,"Esportes, Pintura",Gosto,Gosto,Gosto,Gosto,Gosto,Ambiente agradável e tranquilo.,Por sua tranquilidade,Sim,3° Técnico,São José,Pq só ouvi falar bem dessa escola.
16/09/2024 16:27:46,União da Vitória,,São Basílio Magno,"De 1 até 2 salários mínimos ( R$ 1.412,01 - 2.824,00)",A pé,De 3 pessoas a 4 pessoas,Não,Sim,Branco,16 a 17,CID,Não,Parcialmente,Sim,Sim,"Esportes, Pintura ",Gosto,Gosto muito,Gosto,Indiferente,Indiferente,Ambiente agradável. Estrutura boa,Indicação,Sim,3° Técnico,São José,Por ter uma boa estrutura.
16/09/2024 16:28:10,Porto União,Bela Vista,,"De 1 até 2 salários mínimos ( R$ 1.412,01 - 2.824,00)",Ônibus,De 5 pessoas a 6 pessoas,Não,Talvez,Pardo,16 a 17,Sobral,Não,Parcialmente,Não,Sim,"Esportes, Cursos Tecnicos",Não Gosto,Gosto muito,Gosto,Gosto,Gosto,ambiente de convivência com outras pessoas.,Por conta dos meus colegas,Sim,3° Técnico,São José,Porque são os principais a serem citados quando o assunto é qualidade de ensino e preparação para vestibulares.
16/09/2024 16:28:48,Porto União,Santa Rosa,,"De 4 a 5 salários mínimos ( R$ 5.648,01  - 7.060,00)",Ônibus,2 ou menos,Sim,Sim,Branco,18 a 19,CID,Não,Não,Parcialmente,Sim,Artes Plasticas,Odeio,Indiferente,Odeio,Odeio,Odeio,Um ambiente que seja quieto.,Por conta dos meus colegas,Não,3° Técnico,CID,Por causa da direção ser levemente superior.
24/09/2024 10:36:37,Porto União,Centro,,"Mais de 6 salários mínimos ( R$ 8472,00)",A pé,De 3 pessoas a 4 pessoas,Sim,Talvez,Branco,16 a 17,.,Não,Parcialmente,Não,Indiferente,Cursos Tecnicos,Gosto muito,Indiferente,Gosto muito,Gosto,Gosto,.,Por uma estrutura boa,Sim,3° NEM,Balduino Cardoso,ensino e estrutura 
24/09/2024 10:36:45,União da Vitória,,Centro,"Mais de 6 salários mínimos ( R$ 8472,00)",Carro,De 3 pessoas a 4 pessoas,Sim,Sim,Branco,20 ou Mais,santos anjos,Não,Parcialmente,Parcialmente,Indiferente,Não tenho interesse em nenhuma,Indiferente,Gosto,Indiferente,Indiferente,Indiferente,somente isso,Indicação,Sim,3° NEM,Santos Anjos,pq foi onde eu ja estudei
24/09/2024 10:36:55,Porto União,São Bernardo do Campo,,"De 3 até 4 salários mínimos( R$ 4.236,01 - 5.648,00)",Ônibus,De 3 pessoas a 4 pessoas,Sim,Sim,Pardo,18 a 19,Sobral,Não,Parcialmente,Sim,Sim,Esportes,Gosto muito,Gosto,Gosto,Gosto muito,Gosto muito,união.,Por sua tranquilidade,Sim,3° NEM,Balduino Cardoso,porque estou nela.
24/09/2024 10:37:10,Porto União,Bela Vista,,"De 3 até 4 salários mínimos( R$ 4.236,01 - 5.648,00)",Ônibus,De 3 pessoas a 4 pessoas,Não,Sim,Branco,16 a 17,Sobral,Talvez,Parcialmente,Parcialmente,Indiferente,Esportes,Gosto,Indiferente,Gosto,Gosto,Gosto muito,amizades,Indicação,Sim,3° NEM,Balduino Cardoso,"Pela, sensação que o colegio passa, não parece algo profissional é acolhedor como uma familia"
24/09/2024 10:37:12,Porto União,São Bernardo do Campo,,"De 1 até 2 salários mínimos ( R$ 1.412,01 - 2.824,00)",Ônibus,De 3 pessoas a 4 pessoas,Não,Talvez,Branco,18 a 19,baldo,Não,Parcialmente,Sim,Indiferente,Não tenho interesse em nenhuma,Não Gosto,Gosto,Gosto,Gosto,Indiferente,"um acolhimento mais relevante, pedagogas mais com amor e atenção para os alunos.",Indicação,Não,3° NEM,Antonio gonzaga,por ser mais perto da minha casa.
24/09/2024 10:37:29,Porto União,Bela Vista,,"De 3 até 4 salários mínimos( R$ 4.236,01 - 5.648,00)",Ônibus,De 3 pessoas a 4 pessoas,Não,Talvez,Branco,16 a 17,Sobral,Não,Parcialmente,Parcialmente,Sim,Esportes,Gosto muito,Indiferente,Indiferente,Gosto,Gosto,socializar,Por conta dos meus colegas,Sim,3° NEM,Balduino Cardoso,pois é a escola em que estudei e tive boas experiencias
24/09/2024 10:37:52,Porto União,Centro,,"De 1 até 2 salários mínimos ( R$ 1.412,01 - 2.824,00)",A pé,De 3 pessoas a 4 pessoas,Sim,Sim,Branco,16 a 17,José de anchieta,Não,Parcialmente,Parcialmente,Não,Não tenho interesse em nenhuma,Indiferente,Gosto,Gosto,Gosto,Indiferente,conhecimento,Por sua tranquilidade,Sim,3° NEM,São José,por ser particular
24/09/2024 10:37:57,Porto União,Conjunto Porto União,,"De 3 até 4 salários mínimos( R$ 4.236,01 - 5.648,00)",Bicicleta,De 3 pessoas a 4 pessoas,Sim,Sim,Branco,16 a 17,Sobral,Não,Sim,Sim,Sim,"Programação, Cursos Tecnicos",Gosto,Gosto muito,Gosto muito,Gosto muito,Não Gosto,"bons professor, uma escola com uma infraestrutura boa que seja confortavel aprender. ",Indicação,Sim,3° NEM,Balduino Cardoso,"Seria uma boa referencia, pois o Balduino oferece uma boa infraestrutura etc."
24/09/2024 10:38:06,Porto União,São Bernardo do Campo,,"De 1 até 2 salários mínimos ( R$ 1.412,01 - 2.824,00)",Ônibus,De 3 pessoas a 4 pessoas,Não,Sim,Pardo,16 a 17,Sobral,Não,Parcialmente,Não,Indiferente,Cursos Tecnicos,Não Gosto,Indiferente,Indiferente,Indiferente,Indiferente,conhecimento ,Pelo número de alunos,Sim,3° NEM,São José,pq sim 
24/09/2024 10:38:11,Porto União,Bela Vista,,"De 1 até 2 salários mínimos ( R$ 1.412,01 - 2.824,00)",Bicicleta,De 3 pessoas a 4 pessoas,Não,Talvez,Branco,18 a 19,CID,Não,Parcialmente,Parcialmente,Indiferente,Esportes,Indiferente,Indiferente,Indiferente,Indiferente,Indiferente,Jogar basquete,Por conta dos meus colegas,Sim,3° NEM,CID,sei lá por eu já ter estudado lá?
24/09/2024 10:38:14,Porto União,Bela Vista,,"De 1 até 2 salários mínimos ( R$ 1.412,01 - 2.824,00)",Ônibus,2 ou menos,Não,Sim,Pardo,16 a 17,Astolpho Macedo Souza,Não,Parcialmente,Não,Sim,Não tenho interesse em nenhuma,Indiferente,Indiferente,Indiferente,Indiferente,Indiferente,nada,Por uma estrutura boa,Sim,3° NEM,Balduino Cardoso,por sua boa estrutura 
24/09/2024 10:38:17,Porto União,Bela Vista,,"De 1 até 2 salários mínimos ( R$ 1.412,01 - 2.824,00)",Ônibus,De 3 pessoas a 4 pessoas,Sim,Talvez,Pardo,18 a 19,Sobral,Talvez,Parcialmente,Não,Sim,Esportes,Gosto,Gosto muito,Gosto,Gosto,Gosto,parceria,Por sua tranquilidade,Não,3° NEM,Balduino Cardoso,porq ela e boa
24/09/2024 10:39:01,Porto União,São Bernardo do Campo,,"De 1 até 2 salários mínimos ( R$ 1.412,01 - 2.824,00)",Ônibus,De 5 pessoas a 6 pessoas,Não,Sim,Branco,16 a 17,Sobral,Não,Parcialmente,Parcialmente,Não,Não tenho interesse em nenhuma,Gosto,Gosto,Gosto muito,Gosto,Gosto,"diversão, amizade e dialogo ",Indicação,Não,3° NEM,Sesi,uma boa estrutura
24/09/2024 10:39:04,União da Vitória,,Navegantes,"De 1 até 2 salários mínimos ( R$ 1.412,01 - 2.824,00)",Bicicleta,De 3 pessoas a 4 pessoas,Sim,Não,Branco,16 a 17,Colégio Marina Marés de Souza,Não,Não,Não,Não,Não tenho interesse em nenhuma,Gosto,Indiferente,Gosto,Indiferente,Não Gosto,Nada de mais,Indicação,Sim,3° NEM,CPM,"a pelas regras que tem la e que ajuda bastante você, mais não recomendo"
24/09/2024 10:39:07,União da Vitória,,Cidade Jardim,"De 1 até 2 salários mínimos ( R$ 1.412,01 - 2.824,00)",Carro,De 3 pessoas a 4 pessoas,Não,Sim,Pardo,18 a 19,Educação Adventista,Não,Não,Parcialmente,Indiferente,Não tenho interesse em nenhuma,Indiferente,Gosto,Gosto,Indiferente,Odeio,Amigos e professores parceiros,"Não escolhi, meus responsáveis escolheram",Não,3° NEM,Sesc,Por conseguir ingressar estudantes no mercado de trabalho por meio dos estudos
24/09/2024 10:40:14,Porto União,São Bernardo do Campo,,"Mais de 6 salários mínimos ( R$ 8472,00)",Ônibus,De 3 pessoas a 4 pessoas,Não,Sim,Branco,16 a 17,Sobral,Não,Não,Não,Sim,Esportes,Não Gosto,Não Gosto,Não Gosto,Não Gosto,Não Gosto,ginasio,Indicação,Não,3° NEM,Santos Anjos,pela estrutura 
24/09/2024 10:40:44,Porto União,Bela Vista,,"De 3 até 4 salários mínimos( R$ 4.236,01 - 5.648,00)",Bicicleta,De 3 pessoas a 4 pessoas,Não,Sim,Pardo,18 a 19,Sobral,Talvez,Sim,Sim,Sim,Esportes,Gosto,Gosto,Gosto,Gosto,Gosto,aprender,Por sua tranquilidade,Sim,3° NEM,Balduino Cardoso,pela tranquilidade 
24/09/2024 10:42:03,Porto União,Jardim Brasília,,"De 3 até 4 salários mínimos( R$ 4.236,01 - 5.648,00)",Bicicleta,2 ou menos,Não,Sim,Branco,16 a 17,Sobral,Não,Parcialmente,Não,Não,Não tenho interesse em nenhuma,Indiferente,Gosto,Gosto,Não Gosto,Não Gosto,ginásio,Por conta dos meus colegas,Sim,3° NEM,São José,Pela estrutura
24/09/2024 10:43:03,Porto União,São Francisco,,"De 1 até 2 salários mínimos ( R$ 1.412,01 - 2.824,00)",Bicicleta,De 3 pessoas a 4 pessoas,Sim,Sim,Branco,16 a 17,7º CPM,Não,Sim,Sim,Indiferente,Esportes,Indiferente,Gosto muito,Odeio,Não Gosto,Odeio,Busco o enriquecimento pessoal.,Indicação,Sim,3° NEM,São José,"Por conta da infraestrutura, valorização do estudo e o ensino aprofundado sem opiniões pessoais dos professores."
24/09/2024 10:52:15,União da Vitória,,Centro,"De 1 até 2 salários mínimos ( R$ 1.412,01 - 2.824,00)",A pé,De 3 pessoas a 4 pessoas,Não,Sim,Branco,14 a 15,astolpho macedo de souza,Não,Sim,Não,Indiferente,Não tenho interesse em nenhuma,Gosto,Gosto muito,Gosto,Gosto,Indiferente,amigos,Por conta dos meus colegas,Sim,1° do NEM,CID,porque é perto de onde eu moro
24/09/2024 10:52:38,União da Vitória,,São Bernardo,"Até um salário mínimo ( R$ 1.412,00)",A pé,De 3 pessoas a 4 pessoas,Não,Sim,Branco,14 a 15,astolpho,Talvez,Sim,Parcialmente,Sim,"Esportes, Robótica, Cursos Tecnicos",Gosto muito,Gosto muito,Gosto,Gosto,Gosto muito,"amigos, conhecimento",Por conta dos meus colegas,Sim,1° do NEM,CID,parece ser uma escola interessante 
24/09/2024 10:53:07,Porto União,Jardim Brasília,,"De 4 a 5 salários mínimos ( R$ 5.648,01  - 7.060,00)",Bicicleta,De 3 pessoas a 4 pessoas,Não,Talvez,Branco,14 a 15,Antonio Gonzaga,Não,Não,Parcialmente,Sim,Esportes,Gosto,Gosto,Indiferente,Indiferente,Indiferente,ter notas boas,Por conta dos meus colegas,Sim,1° do NEM,Visão,porque é verde
24/09/2024 10:53:15,Porto União,Área rural de Porto União,,"De 3 até 4 salários mínimos( R$ 4.236,01 - 5.648,00)",Ônibus,De 3 pessoas a 4 pessoas,Não,Sim,Branco,16 a 17,Núcleo Educacional Frei Deodato,Não,Parcialmente,Sim,Sim,"Esportes, ",Gosto,Gosto muito,Gosto,Gosto,Indiferente,"boa estrutura, bons professores, ambiente escolarar",Por sua tranquilidade,Sim,1° do NEM,Santos Anjos,"por sua estrutura, qualidade de ensino."
24/09/2024 10:53:18,Porto União,Santa Rosa,,"De 4 a 5 salários mínimos ( R$ 5.648,01  - 7.060,00)",Carro,De 3 pessoas a 4 pessoas,Não,Sim,Branco,14 a 15,CID,Não,Sim,Não,Sim,"Esportes, Cursos Tecnicos",Indiferente,Gosto muito,Gosto muito,Gosto muito,Gosto,"evoluir, amizades",minha ex veio pra ca dai ela saiu e eu fiquei,Sim,1° do NEM,Sesc,"estrutura os professores sao otimos, amplas atividades dinamicas e metodo de estudo diferente"
24/09/2024 10:53:39,Porto União,São Francisco,,"De 4 a 5 salários mínimos ( R$ 5.648,01  - 7.060,00)",Carro,De 5 pessoas a 6 pessoas,Não,Talvez,Branco,14 a 15,Sobral,Talvez,Não,Não,Não,Esportes,Gosto,Indiferente,Gosto,Gosto,Não Gosto,acolhimento ,Por sua tranquilidade,Sim,1° do NEM,Balduino Cardoso,uma escola grande
24/09/2024 10:53:42,Outros,Nao identificado ,,"De 1 até 2 salários mínimos ( R$ 1.412,01 - 2.824,00)",Ônibus,De 3 pessoas a 4 pessoas,Sim,Não,Branco,16 a 17,EJA,Não,Parcialmente,Não,Sim,Cursos Tecnicos,Gosto,Gosto muito,Gosto,Gosto,Gosto,NAO SEI,Por uma estrutura boa,Sim,1° do NEM,Pedro stelmachuk,POR CONTA DOS ESTUDOS 
24/09/2024 10:53:44,Porto União,São Francisco,,"Mais de 6 salários mínimos ( R$ 8472,00)",Carro,De 3 pessoas a 4 pessoas,Sim,Sim,Pardo,16 a 17,Sobral,Não,Parcialmente,Não,Indiferente,"Esportes, Robótica, Programação, Cursos Tecnicos",Gosto muito,Gosto muito,Gosto,Gosto,Gosto,garotas,Por uma estrutura boa,Sim,1° do NEM,Sesc,amigos
24/09/2024 10:53:53,Porto União,Centro,,"De 4 a 5 salários mínimos ( R$ 5.648,01  - 7.060,00)",Carro,2 ou menos,Sim,Talvez,Branco,14 a 15,Coração de Maria,Não,Não,Não,Não,Não tenho interesse em nenhuma,Gosto,Gosto,Gosto,Gosto,Gosto,conhecimento,Por sua tranquilidade,Não,1° do NEM,Balduino Cardoso,pois é uma escola boa que tem muito respeito.
24/09/2024 10:53:58,União da Vitória,,Bom Jesus,"De 1 até 2 salários mínimos ( R$ 1.412,01 - 2.824,00)",Ônibus,De 3 pessoas a 4 pessoas,Sim,Talvez,Branco,14 a 15,Sesi,Não,Não,Sim,Não,Não tenho interesse em nenhuma,Gosto muito,Gosto muito,Gosto muito,Gosto muito,Gosto muito,só estudo ,Indicação,Sim,1° do NEM,São José,infelizmente não tenho um julgamento especifico sobre uma escola 
24/09/2024 10:54:10,Porto União,Bela Vista,,"De 4 a 5 salários mínimos ( R$ 5.648,01  - 7.060,00)",Bicicleta,De 5 pessoas a 6 pessoas,Sim,Não,Pardo,14 a 15,Sobral,Não,Sim,Sim,Não,Esportes,Gosto muito,Gosto muito,Gosto muito,Gosto muito,Gosto muito,conhecer mais coisas  ,porque meus amigos venham para ca ,Não,1° do NEM,CID,porque é foda 
24/09/2024 10:54:52,Porto União,Bela Vista,,"Até um salário mínimo ( R$ 1.412,00)",Ônibus,De 5 pessoas a 6 pessoas,Não,Talvez,Pardo,16 a 17,Sobral,Não,Sim,Sim,Sim,Cursos Tecnicos,Gosto,Gosto muito,Gosto,Gosto,Indiferente,bom acolhimento,Por conta dos meus colegas,Sim,1° do NEM,Balduino Cardoso,balduino cardoso
24/09/2024 10:55:02,Outros,Nao identificado ,,"Até um salário mínimo ( R$ 1.412,00)",Ônibus,2 ou menos,Não,Sim,Pardo,16 a 17,Julia Baleoli Zaniolo(Canoinhas),Sim,Parcialmente,Sim,Sim,"Robótica, Cursos Tecnicos",Gosto muito,Gosto muito,Gosto,Gosto muito,Gosto muito,nao sei,Indicação,Sim,1° do NEM,Santos Anjos,por conta de muitas indicações e amigos que estudam lá 
24/09/2024 10:55:45,Porto União,Bela Vista,,"De 4 a 5 salários mínimos ( R$ 5.648,01  - 7.060,00)",Ônibus,De 5 pessoas a 6 pessoas,Sim,Sim,Branco,14 a 15,Sobral,Não,Parcialmente,Parcialmente,Sim,Esportes,Gosto,Gosto muito,Indiferente,Não Gosto,Gosto,busco que seja um ambiente que me faça bem todos os dias.,Por sua tranquilidade,Sim,1° do NEM,Sesc,"por conta do bom ensino, da estrutura da escola."
24/09/2024 10:55:57,Porto União,Bela Vista,,"De 3 até 4 salários mínimos( R$ 4.236,01 - 5.648,00)",Ônibus,De 3 pessoas a 4 pessoas,Sim,Sim,Branco,14 a 15,Sobral,Não,Parcialmente,Parcialmente,Sim,Esportes,Gosto,Gosto muito,Gosto,Não Gosto,Indiferente,amizade,Por conta dos meus colegas,Sim,1° do NEM,Sesi,bom ensino
24/09/2024 10:56:30,Porto União,Santa Rosa,,"De 4 a 5 salários mínimos ( R$ 5.648,01  - 7.060,00)",Carro,2 ou menos,Não,Talvez,Branco,16 a 17,Visão,Não,Parcialmente,Não,Sim,"Esportes, Programação",Gosto,Gosto muito,Gosto,Não Gosto,Gosto,"Além do estudo, também é muito importante o lazer com amigos (futebol, aulas divertidas)",Era a opção ideal para resolver algumas questões no momento,Não,1° do NEM,Santos Anjos,É um dos colégios que já estudei e acho uma boa referência.
24/09/2024 11:01:18,Porto União,São Bernardo do Campo,,"De 1 até 2 salários mínimos ( R$ 1.412,01 - 2.824,00)",Ônibus,De 3 pessoas a 4 pessoas,Não,Sim,Branco,16 a 17,Antonio Gonzaga,Talvez,Parcialmente,Sim,Sim,Esportes,Indiferente,Gosto,Gosto,Gosto,Gosto,RESPEITO,Por sua tranquilidade,Sim,1° do Técnico,Balduino Cardoso,"UMA ESCOLA EXTREMAMENTE TRANQUILA, PRINCIPALMENTE OS ALUNOS"
24/09/2024 11:01:21,Porto União,Centro,,"Até um salário mínimo ( R$ 1.412,00)",Bicicleta,2 ou menos,Não,Sim,Branco,18 a 19,Sobral,Não,Sim,Sim,Indiferente,"Programação, Cursos Tecnicos",Indiferente,Gosto,Gosto,Gosto,Odeio,Terminar ela,Por conta dos meus colegas,Sim,1° do Técnico,São José,Pela sua historia no ramo escolar 
24/09/2024 11:01:41,Porto União,São Pedro,,"De 3 até 4 salários mínimos( R$ 4.236,01 - 5.648,00)",Carro,De 3 pessoas a 4 pessoas,Não,Sim,Branco,16 a 17,E.E.B Olavo Bilac (Joinville),Talvez,Parcialmente,Parcialmente,Sim,Cursos Tecnicos,Gosto muito,Gosto muito,Gosto,Indiferente,Gosto muito,"Amizades, conversas , e diversão",Por uma estrutura boa,Sim,1° do Técnico,CPM,por conta da fama e boatos que eu escuto sobre ela
24/09/2024 11:01:43,Porto União,Jardim Brasília,,"Mais de 6 salários mínimos ( R$ 8472,00)",Ônibus,De 3 pessoas a 4 pessoas,Não,Talvez,Branco,16 a 17,Sobral,Não,Sim,Não,Sim,Esportes,Gosto muito,Gosto muito,Indiferente,Não Gosto,Indiferente,amigos,Indicação,Sim,1° do Técnico,Sesi,idicações
24/09/2024 11:02:27,Porto União,São Pedro,,"De 1 até 2 salários mínimos ( R$ 1.412,01 - 2.824,00)",Ônibus,De 3 pessoas a 4 pessoas,Não,Sim,Branco,14 a 15,CID,Sim,Parcialmente,Parcialmente,Sim,"Esportes, Programação, Cursos Tecnicos",Gosto,Gosto muito,Gosto,Não Gosto,Gosto,amizades,Indicação,Sim,1° do Técnico,São José,sesc
24/09/2024 11:02:34,União da Vitória,,Bela Vista,"De 1 até 2 salários mínimos ( R$ 1.412,01 - 2.824,00)",Moto,De 5 pessoas a 6 pessoas,Não,Talvez,Branco,16 a 17,Sobral,Não,Sim,Parcialmente,Sim,Esportes,Indiferente,Gosto muito,Odeio,Indiferente,Indiferente,amigos ,Por conta dos meus colegas,Não,1° do Técnico,Balduino Cardoso,sim
24/09/2024 11:02:34,Porto União,Conjunto Porto União,,"De 3 até 4 salários mínimos( R$ 4.236,01 - 5.648,00)",Ônibus,De 3 pessoas a 4 pessoas,Não,Sim,Negro,14 a 15,E.C.I.M N.E João Fernando Sobral,Não,Parcialmente,Sim,Sim,Esportes,Indiferente,Gosto muito,Gosto,Indiferente,Gosto,Não morrer em casa ,Por conta dos meus colegas,Sim,1° do Técnico,São José,Alem da popularidade e claro e e referencia quando se trata de escola dessa cidade tanto em esportes entre outros conteudos com uma didatica excelente alem de requerer um esforço maior dos alunos 
24/09/2024 11:02:51,Porto União,Santa Rosa,,"De 1 até 2 salários mínimos ( R$ 1.412,01 - 2.824,00)",Bicicleta,De 3 pessoas a 4 pessoas,Não,Sim,Pardo,14 a 15,Antonio Gonzaga,Não,Parcialmente,Não,Indiferente,Cursos Tecnicos,Gosto,Gosto,Gosto,Gosto,Gosto,Melhores chances no mercado de trabalho,Indicação,Sim,1° do Técnico,Balduino Cardoso,Por que é uma boa escola com uma boa educação 
24/09/2024 11:03:05,Porto União,Centro,,"De 1 até 2 salários mínimos ( R$ 1.412,01 - 2.824,00)",A pé,De 3 pessoas a 4 pessoas,Não,Talvez,Pardo,16 a 17,CID,Não,Não,Não,Não,Esportes,Indiferente,Gosto muito,Gosto,Gosto,Não Gosto,um futuro,minha mae mandou,Não,1° do Técnico,CID,por que sempre estudei la e gostava bastante
24/09/2024 11:03:08,Porto União,São Pedro,,"Até um salário mínimo ( R$ 1.412,00)",Moto,De 5 pessoas a 6 pessoas,Não,Sim,Pardo,14 a 15,Antonio Gonzaga,Talvez,Parcialmente,Não,Indiferente,Esportes,Gosto,Gosto,Gosto,Gosto,Gosto,conhecimento para o mercado de trabalho,por que minha mãe mando,Não,1° do Técnico,Balduino Cardoso,por que sim
24/09/2024 11:03:11,Outros,Nao identificado ,,"De 3 até 4 salários mínimos( R$ 4.236,01 - 5.648,00)",Ônibus,De 3 pessoas a 4 pessoas,Não,Sim,Branco,14 a 15,cepan,Não,Sim,Sim,Sim,"Esportes, Cursos Tecnicos",Gosto muito,Gosto muito,Gosto muito,Gosto muito,Gosto muito,"amizades,divertimento",Por sua tranquilidade,Sim,1° do Técnico,Sesi,Por que é uma escola de ensino bom
24/09/2024 11:03:14,Porto União,Bela Vista,,"De 1 até 2 salários mínimos ( R$ 1.412,01 - 2.824,00)",Bicicleta,De 5 pessoas a 6 pessoas,Não,Não,Branco,14 a 15,Sobral,Não,Parcialmente,Parcialmente,Indiferente,Cursos Tecnicos,Gosto,Gosto,Gosto,Gosto,Gosto,jogar e meus amigos,Por conta dos meus colegas,Sim,1° do Técnico,sobral,pois eu conheço bem e estudei quase todo meu ensino fundamental
24/09/2024 11:03:25,Porto União,Centro,,"Até um salário mínimo ( R$ 1.412,00)",A pé,De 5 pessoas a 6 pessoas,Não,Sim,Pardo,16 a 17,CID,Não,Parcialmente,Não,Indiferente,Cursos Tecnicos,Gosto,Gosto muito,Gosto,Gosto,Gosto,um futuro,Indicação,Sim,1° do Técnico,CID,por que estudei la durante 10 anos
24/09/2024 11:03:32,União da Vitória,,Centro,"De 1 até 2 salários mínimos ( R$ 1.412,01 - 2.824,00)",Carro,De 3 pessoas a 4 pessoas,Não,Sim,Branco,16 a 17,CID,Não,Parcialmente,Não,Sim,Cursos Tecnicos,Indiferente,Gosto,Indiferente,Gosto,Não Gosto,um futuro,minha mae mandou,Não,1° do Técnico,CID,sempre estudei la
24/09/2024 11:04:46,Porto União,Centro,,"Até um salário mínimo ( R$ 1.412,00)",A pé,De 3 pessoas a 4 pessoas,Não,Sim,Branco,14 a 15,Nicolau Copernico,Não,Parcialmente,Não,Indiferente,"Programação, Não tenho interesse em nenhuma",Gosto,Gosto muito,Indiferente,Indiferente,Gosto muito,Aprender coisas uteis,Por ser uma escola grande,Não,1° do Técnico,Balduino Cardoso,Por experiencias Proprias
24/09/2024 11:04:51,Porto União,Bela Vista,,"De 1 até 2 salários mínimos ( R$ 1.412,01 - 2.824,00)",Bicicleta,De 3 pessoas a 4 pessoas,Sim,Talvez,Pardo,16 a 17,Sobral,Talvez,Sim,Parcialmente,Sim,Esportes,Gosto muito,Gosto muito,Gosto,Gosto muito,Gosto muito,conhecimento,Por sua tranquilidade,Sim,1° do Técnico,Balduino Cardoso,pela tranquilidade e porque é acolhedora
24/09/2024 11:05:28,União da Vitória,,São Braz,"De 3 até 4 salários mínimos( R$ 4.236,01 - 5.648,00)",Ônibus,De 3 pessoas a 4 pessoas,Sim,Talvez,Pardo,16 a 17,7 CPM,Talvez,Parcialmente,Parcialmente,Sim,"Esportes, Robótica",Gosto,Gosto muito,Gosto,Gosto,Indiferente,lanche bom,Por uma estrutura boa,Sim,1° do Técnico,CPM,por conta do respeito
24/09/2024 11:14:32,União da Vitória,,São Braz,"Até um salário mínimo ( R$ 1.412,00)",Carro,2 ou menos,Não,Sim,Branco,20 ou Mais,Antonio Gonzaga,Sim,Sim,Sim,Sim,Cursos Tecnicos,Gosto,Indiferente,Gosto,Gosto,Gosto,conhecimento,Indicação,Sim,3°Magisterio,Balduino Cardoso,a escola tem uma infraestrutura e docentes capacitados.
24/09/2024 11:14:46,União da Vitória,,Área Rural De União da Vitória,"De 3 até 4 salários mínimos( R$ 4.236,01 - 5.648,00)",Ônibus,De 3 pessoas a 4 pessoas,Sim,Sim,Branco,16 a 17,são cristovão,Sim,Sim,Não,Não,Não tenho interesse em nenhuma,Gosto muito,Gosto,Gosto muito,Gosto muito,Gosto muito,conhecimento,magistério,Sim,3°Magisterio,Balduino Cardoso,"por ser uma escola que acolhe muito bem as pessoas, um ensino bom."
24/09/2024 11:14:47,Porto União,Santa Rosa,,"De 4 a 5 salários mínimos ( R$ 5.648,01  - 7.060,00)",Carro,De 5 pessoas a 6 pessoas,Sim,Sim,Pardo,20 ou Mais,São Pedro Canisio,Sim,Sim,Sim,Sim,Cursos Tecnicos,Gosto,Gosto,Gosto,Gosto,Gosto,"conhecimento, interação, socialização ",Indicação,Sim,3°Magisterio,Balduino Cardoso,estrutura qualificação 
24/09/2024 11:15:53,Outros,Nao identificado ,,"Até um salário mínimo ( R$ 1.412,00)",Ônibus,2 ou menos,Sim,Sim,Pardo,20 ou Mais,barao do cerro azul,Sim,Sim,Parcialmente,Não,Cursos Tecnicos,Gosto,Gosto muito,Gosto muito,Gosto muito,Gosto muito,conhecimento acolhimento e inclusao,Indicação,Sim,3°Magisterio,Balduino Cardoso,por seus cursos pela inclusao pela estrutura pelo acolhimento
24/09/2024 11:16:02,União da Vitória,,Limeira,"Até um salário mínimo ( R$ 1.412,00)",Bicicleta,De 5 pessoas a 6 pessoas,Sim,Sim,Pardo,20 ou Mais,asthopo macedo de sousa,Sim,Sim,Não,Não,Não tenho interesse em nenhuma,Gosto muito,Gosto muito,Gosto muito,Gosto muito,Gosto muito,"conecimento, ec ter mais oportunidades melhores de emprego",Por uma estrutura boa,Sim,3°Magisterio,Balduino Cardoso,por ter um bom acolhimento 
24/09/2024 11:16:03,Porto União,Área rural de Porto União,,"De 1 até 2 salários mínimos ( R$ 1.412,01 - 2.824,00)",Ônibus,2 ou menos,Sim,Sim,Branco,18 a 19,Antonio Gonzaga,Sim,Sim,Sim,Sim,Cursos Tecnicos,Gosto muito,Gosto muito,Gosto,Gosto muito,Gosto muito,CONHECIMENTOS E APRENDIZAGENS,Indicação,Sim,3°Magisterio,Balduino Cardoso,POR QUE POSSUI CURSOS MUITOS BONS
24/09/2024 11:16:20,Porto União,Área rural de Porto União,,"De 3 até 4 salários mínimos( R$ 4.236,01 - 5.648,00)",Ônibus,De 5 pessoas a 6 pessoas,Sim,Sim,Pardo,18 a 19,col bernardina schleder civico militar ,Sim,Sim,Parcialmente,Sim,"Programação, Cursos Tecnicos",Gosto,Gosto muito,Indiferente,Gosto,Gosto,novas aprendizagem ,Por sua tranquilidade,Sim,3°Magisterio,Balduino Cardoso,por ser onde estudo
24/09/2024 11:16:43,União da Vitória,,Centro,"Até um salário mínimo ( R$ 1.412,00)",Bicicleta,De 3 pessoas a 4 pessoas,Sim,Sim,Branco,18 a 19,balduino cardoso,Sim,Sim,Sim,Sim,Esportes,Gosto,Gosto,Indiferente,Gosto,Gosto,diversidade,pelo magisterio,Sim,3°Magisterio,Balduino Cardoso,o ensino é muito bom 
24/09/2024 11:17:06,União da Vitória,,São Braz,"De 4 a 5 salários mínimos ( R$ 5.648,01  - 7.060,00)",Carro,De 5 pessoas a 6 pessoas,Sim,Sim,Pardo,16 a 17,Neusa Domit ,Sim,Parcialmente,Não,Sim,Cursos Tecnicos,Gosto,Gosto muito,Gosto,Gosto,Gosto,"Aprendizagem, acolhimento, formação e estrutura escolar ",Por uma estrutura boa,Sim,3°Magisterio,CPM,tem um bom ensino e uma ótima referência para a sociedade adolescente 
24/09/2024 11:17:22,União da Vitória,,Ouro Verde,"De 1 até 2 salários mínimos ( R$ 1.412,01 - 2.824,00)",Carro,De 3 pessoas a 4 pessoas,Não,Sim,Pardo,20 ou Mais,ceebja,Sim,Sim,Parcialmente,Sim,Cursos Tecnicos,Gosto,Indiferente,Gosto,Gosto,Gosto,"segurança, boa estrutura,acolhimento ",Por sua tranquilidade,Sim,3°Magisterio,Balduino Cardoso,pela capacidade e atendimento
24/09/2024 11:28:46,Porto União,Conjunto Porto União,,"Mais de 6 salários mínimos ( R$ 8472,00)",Ônibus,2 ou menos,Não,Não,Pardo,16 a 17,CID,Não,Sim,Não,Sim,Programação,Gosto,Gosto muito,Gosto,Gosto,Gosto muito,.,Indicação,Sim,2° 1,CID,.
24/09/2024 11:29:24,União da Vitória,,Centro,"De 1 até 2 salários mínimos ( R$ 1.412,01 - 2.824,00)",A pé,2 ou menos,Não,Talvez,Branco,16 a 17,NILO PEÇANHA ,Não,Parcialmente,Não,Não,Não tenho interesse em nenhuma,Indiferente,Gosto muito,Indiferente,Indiferente,Gosto,RESPEITO,Por sua tranquilidade,Não,2° 1,,POR SEU HISTORICO
24/09/2024 11:29:41,Porto União,Bela Vista,,"De 3 até 4 salários mínimos( R$ 4.236,01 - 5.648,00)",Moto,De 5 pessoas a 6 pessoas,Não,Não,Pardo,16 a 17,Sobral,Não,Não,Não,Não,Não tenho interesse em nenhuma,Gosto,Gosto,Gosto,Gosto,Gosto,.,Por conta dos meus colegas,Não,2° 1,CID,.
24/09/2024 11:29:48,Porto União,São Pedro,,"De 1 até 2 salários mínimos ( R$ 1.412,01 - 2.824,00)",Ônibus,2 ou menos,Não,Sim,Branco,14 a 15,CID,Talvez,Sim,Sim,Sim,Esportes,Indiferente,Gosto muito,Gosto,Gosto muito,Indiferente,acolhimento,Por sua tranquilidade,Sim,2° 1,Santos Anjos,"por ser uma escola ""tranquila"" e chique"
24/09/2024 11:30:01,Porto União,Bela Vista,,"Até um salário mínimo ( R$ 1.412,00)",Ônibus,De 5 pessoas a 6 pessoas,Não,Sim,Pardo,18 a 19,Sobral,Talvez,Parcialmente,Não,Indiferente,Robótica,Indiferente,Gosto,Indiferente,Indiferente,Indiferente,acolhimento,Por uma estrutura boa,Sim,2° 1,Balduino Cardoso,por ser tranquila
24/09/2024 11:30:25,União da Vitória,,São Braz,"Mais de 6 salários mínimos ( R$ 8472,00)",Carro,De 3 pessoas a 4 pessoas,Sim,Sim,Pardo,16 a 17,alexandre,Não,Sim,Sim,Sim,"Esportes, ",Indiferente,Gosto,Indiferente,Gosto,Gosto,.,Indicação,Sim,2° 1,Sesi,.
24/09/2024 11:30:37,Porto União,Bela Vista,,"De 1 até 2 salários mínimos ( R$ 1.412,01 - 2.824,00)",Ônibus,De 3 pessoas a 4 pessoas,Sim,Sim,Pardo,16 a 17,Sobral,Não,Parcialmente,Sim,Sim,"Esportes, teatro",Indiferente,Gosto muito,Gosto,Gosto,Gosto,um ambiente bom e acolhedor,Por conta dos meus colegas,Sim,2° 1,Balduino Cardoso,Não sei 
24/09/2024 11:30:52,União da Vitória,,São Braz,"De 1 até 2 salários mínimos ( R$ 1.412,01 - 2.824,00)",Carro,De 3 pessoas a 4 pessoas,Não,Talvez,Branco,16 a 17,Hermínio Milis,Não,Parcialmente,Não,Sim,Programação,Gosto,Gosto,Indiferente,Gosto,Indiferente,Acolhimento,Indicação,Sim,2° 1,Balduino Cardoso,Educaçao
24/09/2024 11:31:20,Porto União,Santa Rosa,,"De 1 até 2 salários mínimos ( R$ 1.412,01 - 2.824,00)",Ônibus,De 5 pessoas a 6 pessoas,Sim,Talvez,Branco,16 a 17,Hermínio Milis ,Não,Não,Não,Sim,"Esportes, Robótica",Gosto,Gosto,Gosto,Gosto,Gosto muito,amigos,Indicação,Não,2° 1,Balduino Cardoso,escola foca em qualidade não em quantidade 
24/09/2024 11:31:34,Porto União,Bela Vista,,"De 1 até 2 salários mínimos ( R$ 1.412,01 - 2.824,00)",Carro,De 3 pessoas a 4 pessoas,Não,Talvez,Branco,16 a 17,Sobral,Não,Parcialmente,Parcialmente,Sim,Esportes,Não Gosto,Gosto,Indiferente,Indiferente,Indiferente,amizades,Por conta dos meus colegas,Sim,2° 1,Balduino Cardoso,"por ser a escola que eu estudo, eu formulei minha própria opinião"
24/09/2024 11:31:50,Porto União,Centro,,"Mais de 6 salários mínimos ( R$ 8472,00)",A pé,De 3 pessoas a 4 pessoas,Sim,Sim,Branco,14 a 15,CID,Não,Não,Parcialmente,Não,Programação,Indiferente,Indiferente,Gosto,Indiferente,Indiferente,Cursos Profissionalizantes ,Por ser perto de casa ,Sim,2° 1,São José,"Tem uma boa reputação, além de ser particular."
24/09/2024 11:31:51,Porto União,Centro,,"De 1 até 2 salários mínimos ( R$ 1.412,01 - 2.824,00)",A pé,De 5 pessoas a 6 pessoas,Sim,Talvez,Pardo,16 a 17,Pedro Stelmachuk,Talvez,Parcialmente,Não,Indiferente,Esportes,Gosto,Indiferente,Gosto,Indiferente,Gosto,APRENDER ,Por sua tranquilidade,Sim,2° 1,Balduino Cardoso,BOA
24/09/2024 11:31:54,União da Vitória,,Cristo Rei,"De 1 até 2 salários mínimos ( R$ 1.412,01 - 2.824,00)",Bicicleta,De 5 pessoas a 6 pessoas,Sim,Talvez,Pardo,16 a 17,Pedro Stelmachuk,Não,Parcialmente,Não,Indiferente,"Cursos Tecnicos, ",Gosto,Gosto muito,Gosto,Indiferente,Gosto,aprender,Por sua tranquilidade,Sim,2° 1,Balduino Cardoso,boa
24/09/2024 11:31:58,Porto União,Bela Vista,,"De 1 até 2 salários mínimos ( R$ 1.412,01 - 2.824,00)",Bicicleta,De 3 pessoas a 4 pessoas,Não,Talvez,Branco,16 a 17,Sobral,Não,Parcialmente,Não,Sim,Programação,Indiferente,Indiferente,Indiferente,Indiferente,Indiferente,comida,Por sua tranquilidade,Sim,2° 1,São José,tem uma boa reputação.
24/09/2024 11:32:12,Porto União,Bela Vista,,"De 3 até 4 salários mínimos( R$ 4.236,01 - 5.648,00)",Bicicleta,De 3 pessoas a 4 pessoas,Não,Sim,Pardo,16 a 17,Sobral,Não,Parcialmente,Sim,Indiferente,Não tenho interesse em nenhuma,Não Gosto,Gosto,Indiferente,Gosto,Indiferente,amigos,Por sua tranquilidade,Sim,2° 1,Balduino Cardoso,porque a escola não tem tantos alunos e a educação da escola é boa
24/09/2024 11:32:12,Porto União,Bela Vista,,"De 3 até 4 salários mínimos( R$ 4.236,01 - 5.648,00)",Bicicleta,De 3 pessoas a 4 pessoas,Não,Talvez,Branco,16 a 17,Sobral,Não,Parcialmente,Não,Não,Cursos Tecnicos,Indiferente,Gosto,Indiferente,Indiferente,Indiferente,comida,Por conta dos meus colegas,Sim,2° 1,Balduino Cardoso,pela educação
07/10/2024 19:48:10,Outros,,,"De 1 até 2 salários mínimos ( R$ 1.412,01 - 2.824,00)",Ônibus,De 3 pessoas a 4 pessoas,Sim,Sim,Branco,18 a 19,Colégio Estadual Casimiro de Abreu,Sim,Sim,Não,Sim,Cursos Tecnicos,Gosto muito,Gosto muito,Gosto muito,Gosto muito,Gosto muito,acolhimento e respeito,Indicação,Sim,magistério,Balduino Cardoso,Pela sua história e pelo bom ensino que tem
07/10/2024 19:48:13,União da Vitória,,Centro,"De 1 até 2 salários mínimos ( R$ 1.412,01 - 2.824,00)",A pé,2 ou menos,Não,Sim,Pardo,20 ou Mais,lauro mueller,Não,Parcialmente,Parcialmente,Indiferente,Não tenho interesse em nenhuma,Gosto muito,Indiferente,Não Gosto,Indiferente,Gosto muito,só estudar,Indicação,Não,magistério,CPM,porque é uma escola referencia 
07/10/2024 19:48:36,União da Vitória,,João Paulo,"Até um salário mínimo ( R$ 1.412,00)",Bicicleta,2 ou menos,Sim,Sim,Branco,20 ou Mais,Tulio de França,Sim,Sim,Não,Sim,Esportes,Gosto,Gosto muito,Gosto,Gosto,Gosto,conhecimento,Indicação,Sim,magistério,Balduino Cardoso,pelo ensino da escola
07/10/2024 19:48:42,Outros,,,"Até um salário mínimo ( R$ 1.412,00)",Ônibus,De 3 pessoas a 4 pessoas,Sim,Sim,Pardo,18 a 19,Colégio Estadual Casimiro de Abreu,Sim,Sim,Parcialmente,Sim,Esportes,Gosto muito,Gosto muito,Gosto muito,Gosto muito,Gosto muito,Igualdade e respeito,Indicação,Sim,magistério,Balduino Cardoso,Pelo seu acolhimento e pela ingressão na vida docente
07/10/2024 19:48:52,Porto União,Santa Rosa,,"De 1 até 2 salários mínimos ( R$ 1.412,01 - 2.824,00)",Carro,De 5 pessoas a 6 pessoas,Sim,Sim,Pardo,20 ou Mais,Antonio Gonzaga,Talvez,Sim,Sim,Não,Não tenho interesse em nenhuma,Gosto,Gosto muito,Gosto,Gosto muito,Gosto muito,só estudar,Indicação,Sim,magistério,Antonio Gonzaga,boa referencia
07/10/2024 19:48:54,União da Vitória,,São Braz,"De 3 até 4 salários mínimos( R$ 4.236,01 - 5.648,00)",Carro,De 5 pessoas a 6 pessoas,Sim,Sim,Pardo,18 a 19,Neusa Domit,Sim,Parcialmente,Não,Indiferente,Cursos Tecnicos,Gosto,Gosto,Indiferente,Gosto,Gosto,apenas estudar,Indicação,Sim,magistério,São José,qualidade
07/10/2024 19:49:10,União da Vitória,,São Basílio Magno,"Até um salário mínimo ( R$ 1.412,00)",Moto,De 3 pessoas a 4 pessoas,Sim,Sim,Pardo,20 ou Mais,nilo peçanha,Talvez,Sim,Parcialmente,Indiferente,"Esportes, dança",Gosto,Gosto muito,Gosto muito,Gosto,Gosto muito,respeito,Indicação,Sim,magistério,São José,escola com boa referencia.
07/10/2024 19:49:11,Outros,,,"Até um salário mínimo ( R$ 1.412,00)",Ônibus,De 5 pessoas a 6 pessoas,Sim,Sim,Branco,18 a 19,Colégio Estadual Casemiro de Abreu,Sim,Sim,Parcialmente,Sim,Esportes,Gosto,Gosto muito,Gosto,Gosto muito,Gosto,"Conhecimento, amizades",Indicação,Sim,magistério,Balduino Cardoso,Por ter um ensino de qualidade
07/10/2024 19:49:15,Outros,,,"De 1 até 2 salários mínimos ( R$ 1.412,01 - 2.824,00)",Ônibus,De 5 pessoas a 6 pessoas,Sim,Sim,Pardo,20 ou Mais,colegio estadual casimiro de abreu ,Sim,Sim,Não,Não,Cursos Tecnicos,Gosto muito,Gosto muito,Gosto muito,Gosto muito,Gosto muito,lanche,,Sim,magistério,São José,pelo bom ensino
07/10/2024 19:49:19,União da Vitória,,São Basílio Magno,"De 1 até 2 salários mínimos ( R$ 1.412,01 - 2.824,00)",A pé,De 3 pessoas a 4 pessoas,Sim,Sim,Pardo,18 a 19,Balduíno Cardoso,Sim,Parcialmente,Sim,Indiferente,"Programação, Cursos Tecnicos",Gosto,Gosto,Indiferente,Gosto,Gosto,Respeito ,Por sua tranquilidade,Sim,magistério,CPM,.
07/10/2024 19:49:26,Outros,,,"De 3 até 4 salários mínimos( R$ 4.236,01 - 5.648,00)",Ônibus,De 5 pessoas a 6 pessoas,Sim,Sim,Negro,20 ou Mais,Colégio Estadual Casimiro de Abreu,Sim,Sim,Parcialmente,Sim,Cursos Tecnicos,Gosto muito,Gosto muito,Gosto muito,Gosto muito,Gosto muito,Lanche,Indicação,Sim,magistério,São José,Ensino de qualidade
07/10/2024 19:49:53,Porto União,São Pedro,,"De 3 até 4 salários mínimos( R$ 4.236,01 - 5.648,00)",Carro,De 5 pessoas a 6 pessoas,Não,Sim,Branco,20 ou Mais,CID,Talvez,Sim,Sim,Sim,Cursos Tecnicos,Gosto,Indiferente,Gosto,Gosto muito,Gosto,conhecimento,Indicação,Sim,magistério,CPM,pelo seu rigor e regras que sao exigidas pelos professores e responsaveis  professores e responsaveis
07/10/2024 19:50:04,Outros,,,"Até um salário mínimo ( R$ 1.412,00)",Ônibus,2 ou menos,Sim,Sim,Pardo,20 ou Mais,Estanislau Wrublewski,Sim,Sim,Parcialmente,Sim,Esportes,Indiferente,Gosto,Não Gosto,Gosto,Não Gosto,acolhimento,Indicação,Sim,magistério,São José,ensino de qualidade
07/10/2024 19:50:18,União da Vitória,,Bento Munhoz Da Rocha,"De 3 até 4 salários mínimos( R$ 4.236,01 - 5.648,00)",Moto,De 3 pessoas a 4 pessoas,Sim,Sim,Branco,18 a 19,Colégio Estadual Neusa Domit,Sim,Sim,Não,Sim,Cursos Tecnicos,Gosto,Gosto muito,Gosto muito,Gosto muito,Gosto muito,Acolhimento ,Indicação,Sim,magistério,Santos Anjos,Pois trabalho nesse colégio e sei que a educação dessa instituição é muito boa.
07/10/2024 19:50:42,Porto União,Bela Vista,,"Até um salário mínimo ( R$ 1.412,00)",Carro,De 3 pessoas a 4 pessoas,Sim,Talvez,Pardo,20 ou Mais,CID,Sim,Sim,Não,Sim,Esportes,Indiferente,Gosto muito,Gosto,Gosto,Gosto,Compreensão e respeito ,Indicação,Sim,magistério,Santos Anjos,Possui um ensino de qualidade 
07/10/2024 19:50:44,União da Vitória,,Bento Munhoz Da Rocha,"Até um salário mínimo ( R$ 1.412,00)",Ônibus,De 3 pessoas a 4 pessoas,Sim,Sim,Pardo,20 ou Mais,instituto federal do paraná,Sim,Parcialmente,Não,Sim,Esportes,Gosto,Gosto muito,Gosto,Gosto,Gosto,diploma,Por sua tranquilidade,Sim,magistério,,por ter varias opçoes de curso
07/10/2024 19:51:26,União da Vitória,,São Basílio Magno,"De 1 até 2 salários mínimos ( R$ 1.412,01 - 2.824,00)",Moto,2 ou menos,Sim,Sim,Branco,20 ou Mais,Jose de Anchieta,Sim,Parcialmente,Parcialmente,Sim,"Esportes, Cursos Tecnicos",Gosto muito,Gosto muito,Gosto,Gosto,Gosto,Aprimorar práticas pouco desenvolvidas,Indicação,Sim,magistério,São José,relacionamento família e escola e ensino qualificado
07/10/2024 19:51:27,Outros,,,"Até um salário mínimo ( R$ 1.412,00)",Ônibus,De 3 pessoas a 4 pessoas,Sim,Sim,Pardo,20 ou Mais,colegio estadual casimiro de abreu,Sim,Sim,Parcialmente,Sim,Cursos Tecnicos,Gosto,Gosto muito,Gosto,Gosto muito,Gosto,aprendizados ,Indicação,Sim,magistério,Balduino Cardoso,porque depois de conhecer achei uma boa escola
07/10/2024 19:52:56,União da Vitória,,São Braz,"De 1 até 2 salários mínimos ( R$ 1.412,01 - 2.824,00)",Carro,De 3 pessoas a 4 pessoas,Sim,Sim,Branco,20 ou Mais,colégio são cristóvão,Sim,Sim,Sim,Sim,Cursos Tecnicos,Gosto muito,Gosto,Gosto,Gosto,Gosto,amigos,Indicação,Sim,magistério,Sesc,boa metodologia e didatica professores preparados varios cursos
07/10/2024 19:53:00,Porto União,São João Maria,,"De 4 a 5 salários mínimos ( R$ 5.648,01  - 7.060,00)",Ônibus,2 ou menos,Sim,Sim,Pardo,18 a 19,Balduíno cardoso,Talvez,Parcialmente,Não,Sim,Esportes,Gosto muito,Gosto muito,Gosto,Gosto,Gosto muito,Diploma,Indicação,Sim,magistério,Tulio de frança,Pelas variedades de curso
07/10/2024 19:55:05,Outros,,,"De 1 até 2 salários mínimos ( R$ 1.412,01 - 2.824,00)",Ônibus,2 ou menos,Não,Talvez,Branco,20 ou Mais,marina mares de souza,Talvez,Sim,Parcialmente,Não,Não tenho interesse em nenhuma,Gosto,Gosto,Gosto,Gosto,Gosto,lazer ,Indicação,Sim,magistério,,porque o ensino e boa qualidade
07/10/2024 20:15:33,Outros,,,"De 1 até 2 salários mínimos ( R$ 1.412,01 - 2.824,00)",Ônibus,De 5 pessoas a 6 pessoas,Sim,Sim,Branco,20 ou Mais,não lembro,Sim,Sim,Sim,Sim,Cursos Tecnicos,Gosto,Gosto,Não Gosto,Gosto,Gosto,comunicação,oferecer o curso de Educação Especial,Sim,magistério,CPM,pela qualidade de ensino
07/10/2024 20:15:37,Outros,,,"De 3 até 4 salários mínimos( R$ 4.236,01 - 5.648,00)",Ônibus,De 5 pessoas a 6 pessoas,Sim,Sim,Branco,20 ou Mais,Colégio Estadual Barão do cerro Azul,Não,Sim,Não,Indiferente,Cursos Tecnicos,Gosto,Gosto muito,Não Gosto,Gosto,Gosto muito,Novas experiencias profissionais,Indicação,Sim,magistério,CID,Por questões de inclusão dos alunos
07/10/2024 20:15:57,Outros,,,"Até um salário mínimo ( R$ 1.412,00)",Ônibus,De 5 pessoas a 6 pessoas,Sim,Sim,Branco,20 ou Mais,Marina Marés de Souza.,Sim,Sim,Parcialmente,Indiferente,Esportes,Gosto,Gosto muito,Indiferente,Gosto muito,Gosto muito,Mais conhecimentos.,Indicação,Sim,magistério,Santos Anjos,"Por conta da Educação e métodos empregados nas disciplinas ser muito boa, e o Colégio e professores são maravilhosos."
07/10/2024 20:16:02,Outros,,,"De 3 até 4 salários mínimos( R$ 4.236,01 - 5.648,00)",Ônibus,De 5 pessoas a 6 pessoas,Sim,Sim,Pardo,20 ou Mais,ASTOLFO MACEDO,Sim,Parcialmente,Parcialmente,Sim,Cursos Tecnicos,Gosto muito,Gosto muito,Gosto,Gosto muito,Gosto muito,NOVOS AMIGOS,Indicação,Sim,magistério,Balduino Cardoso,"POR SEU MODO DE ENSINO E PELOS PREFESSORES, DIREÇÃO E FUNCIONÁRIOS QUE AQUI TRABALHAM COM EXELENCIA"
07/10/2024 20:16:12,União da Vitória,,Nossa Senhora Da Salete,"De 1 até 2 salários mínimos ( R$ 1.412,01 - 2.824,00)",Bicicleta,De 5 pessoas a 6 pessoas,Não,Não,Branco,20 ou Mais,Tulio de França,Não,Sim,Sim,Sim,Esportes,Gosto muito,Gosto muito,Gosto muito,Gosto muito,Gosto muito,socialização ,Por uma estrutura boa,Sim,magistério,Balduino Cardoso,Pelo acolhimento e acessibilidade
07/10/2024 20:17:03,União da Vitória,,Nossa Senhora Do Rocio,"De 1 até 2 salários mínimos ( R$ 1.412,01 - 2.824,00)",Carro,2 ou menos,Sim,Sim,Pardo,20 ou Mais,CID,Talvez,Sim,Não,Sim,Não tenho interesse em nenhuma,Gosto muito,Gosto,Gosto muito,Gosto muito,Gosto muito,socializacão de amigos,Por sua tranquilidade,Sim,magistério,CID,pela organização e disciplina
07/10/2024 20:17:06,Porto União,São Bernardo do Campo,,"De 3 até 4 salários mínimos( R$ 4.236,01 - 5.648,00)",Ônibus,De 5 pessoas a 6 pessoas,Sim,Sim,Branco,20 ou Mais,CID,Não,Parcialmente,Sim,Não,Não tenho interesse em nenhuma,Indiferente,Gosto muito,Indiferente,Gosto,Indiferente,uma boa didática,tinha magistério,Sim,magistério,CID,porque eu estudei nela <3
07/10/2024 20:17:14,Outros,,,"De 1 até 2 salários mínimos ( R$ 1.412,01 - 2.824,00)",Ônibus,De 3 pessoas a 4 pessoas,Sim,Sim,Branco,20 ou Mais,Colégio Estadual Casimiro de Abreu,Não,Parcialmente,Sim,Sim,eventos culturais,Gosto,Gosto,Gosto,Gosto,Gosto,qualidade de ensino,por ter o magistério,Sim,magistério,Clementina Lona Costa,Acolhimento e dedicação da direção e profissionais
07/10/2024 20:17:20,Porto União,Bela Vista,,"Até um salário mínimo ( R$ 1.412,00)",Carro,De 3 pessoas a 4 pessoas,Não,Sim,Pardo,20 ou Mais,Sobral,Sim,Sim,Sim,Sim,Cursos Tecnicos,Gosto muito,Gosto muito,Indiferente,Gosto muito,Gosto,socializacao,Por ser uma escola grande,Sim,magistério,CPM,pela postura e conduta
07/10/2024 20:17:42,Porto União,Área rural de Porto União,,"De 1 até 2 salários mínimos ( R$ 1.412,01 - 2.824,00)",Carro,De 3 pessoas a 4 pessoas,Sim,Sim,Pardo,20 ou Mais,Antonio Gonzaga,Sim,Sim,Não,Sim,Cursos Tecnicos,Gosto,Gosto muito,Indiferente,Gosto muito,Gosto,Acessibilidade para todos ,Por conta dos meus colegas,Sim,magistério,Antonio gonzaga,"ACESSIBILIDADE PARA CADEIRANTES , EDUCACAO DE BOA QUALIDADE "
07/10/2024 20:31:59,União da Vitória,,Bento Munhoz Da Rocha,"De 3 até 4 salários mínimos( R$ 4.236,01 - 5.648,00)",Carro,De 3 pessoas a 4 pessoas,Sim,Sim,Pardo,20 ou Mais,Jose de Anchieta,Sim,Sim,Parcialmente,Sim,Cursos Tecnicos,Gosto,Gosto,Gosto,Gosto,Gosto,"Bons professores, ensino de qualidade",Indicação,Sim,magistério,CPM,"Qualidade no ensino, preparo dos professores, incentivo e valorização dos alunos."
07/10/2024 20:32:01,União da Vitória,,Centro,"De 3 até 4 salários mínimos( R$ 4.236,01 - 5.648,00)",A pé,De 3 pessoas a 4 pessoas,Sim,Sim,Branco,20 ou Mais,José de Anchieta,Sim,Sim,Sim,Sim,ligadas a área pedagógica,Gosto muito,Gosto muito,Gosto muito,Gosto muito,Gosto muito,bons professores,Indicação,Sim,magistério,CPM,"otimos professores, qualidade de ensino"
07/10/2024 20:32:33,Porto União,Santa Rosa,,"De 1 até 2 salários mínimos ( R$ 1.412,01 - 2.824,00)",A pé,De 3 pessoas a 4 pessoas,Sim,Sim,Branco,18 a 19,CID,Talvez,Não,Sim,Não,Não tenho interesse em nenhuma,Gosto,Gosto,Gosto,Gosto,Gosto,amigos ,Por sua tranquilidade,Sim,magistério,Balduino Cardoso,pela tranquilidade
07/10/2024 20:33:07,Porto União,Conjunto Porto União,,"De 3 até 4 salários mínimos( R$ 4.236,01 - 5.648,00)",Ônibus,De 3 pessoas a 4 pessoas,Sim,Talvez,Pardo,18 a 19,CID,Sim,Parcialmente,Parcialmente,Não,Não tenho interesse em nenhuma,Gosto,Gosto muito,Gosto,Gosto muito,Gosto,Segurança,Indicação,Sim,magistério,Balduino Cardoso,ensino de qualidade
07/10/2024 20:33:14,União da Vitória,,Sagrada Família,"De 1 até 2 salários mínimos ( R$ 1.412,01 - 2.824,00)",Carro,De 5 pessoas a 6 pessoas,Sim,Sim,Pardo,20 ou Mais,cesc,Sim,Parcialmente,Sim,Sim,Esportes,Gosto muito,Gosto muito,Indiferente,Indiferente,Gosto,aprender,Por conta dos meus colegas,Não,magistério,Santos Anjos,perto da minha família
07/10/2024 20:33:37,Porto União,Centro,,"Até um salário mínimo ( R$ 1.412,00)",Carro,2 ou menos,Sim,Sim,Branco,20 ou Mais,Monsenhor Pedro Busko,Sim,Sim,Sim,Indiferente,Não tenho interesse em nenhuma,Gosto,Gosto,Gosto,Gosto,Gosto,Formação acadêmica,,Sim,magistério,São José,O melhor ensino de qualidade de toda região.
07/10/2024 20:34:47,União da Vitória,,São Basílio Magno,"Até um salário mínimo ( R$ 1.412,00)",A pé,De 3 pessoas a 4 pessoas,Sim,Sim,Pardo,20 ou Mais,Astolpho Macedo de Souza ,Sim,Sim,Não,Sim,Cursos Tecnicos,Gosto muito,Gosto muito,Gosto muito,Gosto muito,Gosto muito,RESPEITO,Por sua tranquilidade,Sim,magistério,Sesc,PELOS SEUS CURSOS 
07/10/2024 20:35:14,Porto União,São Pedro,,"De 3 até 4 salários mínimos( R$ 4.236,01 - 5.648,00)",A pé,Mais de 7 pessoas,Não,Talvez,Pardo,20 ou Mais,CID,Sim,Parcialmente,Não,Indiferente,gastronomia,Gosto muito,Gosto muito,Gosto muito,Gosto muito,Gosto muito,respeito,Por uma estrutura boa,Sim,magistério,Sesc,pelo cursos 
07/10/2024 20:35:39,União da Vitória,,Bento Munhoz Da Rocha,"De 4 a 5 salários mínimos ( R$ 5.648,01  - 7.060,00)",Carro,De 3 pessoas a 4 pessoas,Sim,Sim,Branco,20 ou Mais,José de Anchieta,Sim,Parcialmente,Não,Sim,Não tenho interesse em nenhuma,Gosto,Gosto,Indiferente,Gosto,Gosto,Estudar,Indicação,Sim,magistério,Anchieta,Porque estudei na mesma.
07/10/2024 20:35:43,União da Vitória,,Área Rural De União da Vitória,"De 4 a 5 salários mínimos ( R$ 5.648,01  - 7.060,00)",Moto,De 3 pessoas a 4 pessoas,Não,Sim,Pardo,20 ou Mais,JUDITH SIMAS CANELLAS,Sim,Parcialmente,Não,Não,Não tenho interesse em nenhuma,Gosto,Gosto muito,Indiferente,Gosto muito,Gosto muito,QUE OS COLEGAS SEJAM LEGAIS,Indicação,Sim,magistério,Balduino Cardoso,PELOS COMENTARIOS REFERIDOS A ELA 
10/10/2024 10:44:33,Porto União,Área rural de Porto União,,"De 3 até 4 salários mínimos( R$ 4.236,01 - 5.648,00)",Ônibus,De 5 pessoas a 6 pessoas,Sim,Sim,Branco,18 a 19,CID,Talvez,Parcialmente,Parcialmente,Sim,Cursos Tecnicos,Indiferente,Gosto muito,Indiferente,Gosto,Indiferente,amizade,Indicação,Sim,magistério,Balduino Cardoso,pq sim
10/10/2024 10:45:35,União da Vitória,,Bento Munhoz Da Rocha,"Até um salário mínimo ( R$ 1.412,00)",Bicicleta,De 3 pessoas a 4 pessoas,Sim,Sim,Negro,20 ou Mais,Guimarães Junior São Paulo,Sim,Sim,Sim,Sim,Cursos Tecnicos,Gosto muito,Gosto muito,Gosto,Gosto muito,Indiferente,Aprimorar meus Conhecimentos,Indicação,Sim,magistério,Balduino Cardoso,Pelo Comporometimentos dos Professores
10/10/2024 10:47:50,Outros,,,"De 3 até 4 salários mínimos( R$ 4.236,01 - 5.648,00)",Ônibus,De 5 pessoas a 6 pessoas,Não,Sim,Pardo,18 a 19,Colégio Estadual Pedro Araújo Neto,Sim,Sim,Sim,Sim,"Esportes, Cursos Tecnicos",Gosto muito,Gosto muito,Gosto muito,Gosto muito,Gosto muito,Amizades ,Indicação,Sim,magistério,Sesi,"PQ a comida é muito boa, possui pessoas acolhedoras "
10/10/2024 10:47:52,União da Vitória,,João Paulo,"Até um salário mínimo ( R$ 1.412,00)",Bicicleta,De 3 pessoas a 4 pessoas,Sim,Sim,Branco,20 ou Mais,Pedro Stelmachuk,Não,Não,Parcialmente,Sim,artes,Odeio,Gosto muito,Gosto,Indiferente,Odeio,amizades,por nao querer fazer 3 anos de magisterio no tulio,Sim,magistério,Sesi,pela preparaçao para apresentaçoes 
10/10/2024 10:48:29,Porto União,Santa Rosa,,"De 1 até 2 salários mínimos ( R$ 1.412,01 - 2.824,00)",Ônibus,De 3 pessoas a 4 pessoas,Sim,Sim,Branco,18 a 19,Antonio Gonzaga,Sim,Sim,Sim,Sim,Cursos Tecnicos,Gosto,Gosto,Indiferente,Gosto,Indiferente,Busco me profissionalizar como estudante e como pessoa. Também utilizo livros da biblioteca para adquirir conhecimento.,Indicação,Sim,magistério,Antonio gonzaga,Já frequentei e recomendo por possuir uma boa equipe de professores e um bom acolhimento.
10/10/2024 10:49:11,Porto União,São Pedro,,"De 3 até 4 salários mínimos( R$ 4.236,01 - 5.648,00)",Carro,2 ou menos,Sim,Sim,Branco,20 ou Mais,CID,Não,Sim,Sim,Sim,Cursos Tecnicos,Gosto muito,Gosto,Gosto,Gosto,Gosto,aprendizado de qualidade etica,por ser o único colégio em Porto União que tem o Curso Magistério,Sim,magistério,CPM,Porque o ensino é qualidade e fazem quem os alunos adquiram respeito pelos demais e também pelos adultos e ensinam que é fundamental ser um bom cidadão.